{"epoch": 1, "train_acc": 0.304097883180385, "train_loss": 1.139593830971625, "val_acc": 0.22278226926433858, "val_loss": 1.2213645029906375, "_timestamp": 1689424651.2345958, "_runtime": 1.1109788417816162, "_step": 0, "_wandb": {"runtime": 0}}