{"epoch": 1, "train_acc": 0.3001948286460402, "train_loss": 1.137742605390196, "val_acc": 0.19945097641912696, "val_loss": 1.2108491802942956, "_timestamp": 1689424737.9661543, "_runtime": 1.4156343936920166, "_step": 0, "_wandb": {"runtime": 0}}