Unnamed: 0,lr,seed,epoch,dataset,eval_f1,eval_acc,train_f1,eval_loss,train_acc,batch_size,train_loss,experiment
Expr-616-ep-0.pt,0.01,42,0,compas_arrest,0.7774031758308411,0.7763371467590332,0.3795369267463684,0.6477575699488322,0.6288492679595947,617,0.662588722176022,616
Expr-615-ep-4.pt,0.01,42,4,compas_arrest,0.7446308732032776,0.7808442115783691,0.5972064137458801,0.5542205770810446,0.6794933080673218,616,0.5966626604398092,615
Expr-614-ep-4.pt,0.01,42,4,compas_arrest,0.7361078858375549,0.773441731929779,0.5916366577148438,0.594653844833374,0.675933837890625,615,0.6014466517501407,614
