{"epoch": 1, "train_acc": 0.3660880859758086, "train_loss": 1.0985732176191911, "val_acc": 0.15360150594455518, "val_loss": 1.1948698256786647, "_timestamp": 1689424539.964436, "_runtime": 1.3177211284637451, "_step": 0, "_wandb": {"runtime": 0}}