Unnamed: 0,lr,seed,epoch,dataset,eval_f1,eval_acc,train_f1,eval_loss,train_acc,batch_size,train_loss,experiment
Expr-9-ep-2.pt:v0,0.01,42,2,adult_dataset,0.6649028062820435,0.8437174558639526,0.6075754165649414,0.3423037469387054,0.8283752799034119,512,0.3777702771998071,9
Expr-8-ep-2.pt:v0,0.01,42,2,adult_dataset,0.6523842215538025,0.8173344135284424,0.6047081351280212,3.4680011119598,0.8178053498268127,256,3.462976279211979,8
Expr-7-ep-6.pt:v0,0.01,42,6,adult_dataset,0.4767042994499206,0.7970914244651794,0.4270034432411194,8.182824017165544,0.7990778684616089,128,7.605380435849799,7
Expr-6-ep-12.pt:v0,0.01,42,12,adult_dataset,0.4786384999752044,0.7949414849281311,0.4230688810348511,8.192837244252754,0.8003988862037659,64,7.602784157068026,6
Expr-5-ep-7.pt:v0,0.01,42,7,adult_dataset,0.5754265785217285,0.818196713924408,0.5570248961448669,0.3635296624703485,0.8169825673103333,32,1.9922190525981247,5
Expr-4-ep-10.pt:v0,0.01,42,10,adult_dataset,0.4291736185550689,0.7965896129608154,0.4401930570602417,7.930487950934006,0.7965676188468933,16,7.656594752076036,4
Expr-3-ep-7.pt:v0,0.01,42,7,adult_dataset,0.5182570219039917,0.8206625580787659,0.5099409222602844,5.67667364588305,0.8131276965141296,8,5.8000650861964616,3
Expr-2-ep-8.pt:v0,0.01,42,8,adult_dataset,0.402135968208313,0.8145492076873779,0.3520052134990692,5.952623820633105,0.8088235259056091,4,5.757088190304758,2
Expr-1-ep-0.pt:v0,0.01,42,0,adult_dataset,0.2820929884910583,0.8064152598381042,0.1040339320898056,5.695709815246237,0.7767985463142395,2,6.414583822662608,1
