{"epoch": 1, "train_acc": 0.31757487243804455, "train_loss": 1.122683881819783, "val_acc": 0.22210049006945015, "val_loss": 1.1392488539538652, "_timestamp": 1689424747.314984, "_runtime": 1.256667137145996, "_step": 0, "_wandb": {"runtime": 0}}