{"epoch": 1, "train_acc": 0.2869588977713122, "train_loss": 1.1577249414691746, "val_acc": 0.22870171754105736, "val_loss": 1.213020820524781, "_timestamp": 1689424705.3808146, "_runtime": 1.2670774459838867, "_step": 0, "_wandb": {"runtime": 0}}