{"epoch": 1, "train_acc": 0.3748748133205725, "train_loss": 1.011010618989077, "val_acc": 0.19228271805897432, "val_loss": 1.1645767710792951, "_timestamp": 1689424571.8969924, "_runtime": 1.2972805500030518, "_step": 0, "_wandb": {"runtime": 0}}