,Expr-614-ep-4.pt,Expr-615-ep-4.pt,Expr-616-ep-0.pt
race_is_causasian,-0.0026990774350288405,0.003238833063205382,-0.0008096999324124221
race_is_african_american,0.0018893278562105431,0.007287458691358939,0.0053981238209445115
race_is_hispanic,-2.01738797889206e-08,0.0005397758020563304,0.0008097185297051279
race_is_other,0.0013495481931246056,0.0002698859705133616,-0.0005398101008694534
age_leq_25,0.008636971009083227,0.0016194146010879429,0.005937903484030449
age_25_to_45,-0.005398094959748079,-0.00404858975275324,0.005937903484030449
age_geq_46,0.005937913747934176,0.003778692199151057,0.011066088438355881
female,-0.00512820512820511,-3.861029607143962e-09,0.0051281942529717295
n_priors_eq_0,0.005128204516875456,0.00620785962875714,0.028340070804281914
n_priors_geq_1,0.0008096890571789306,-0.0016194223231471572,-0.00026988053289656033
n_priors_geq_2,0.019972979716765593,0.021052595092217463,0.02132253781986626
n_priors_geq_5,0.06558702358832724,0.044534440947930354,0.0072874718510348435
n_juvenile_misdemeanors_eq_0,-0.001349509068024446,-0.0010795631872014821,-0.0002699202693264846
n_juvenile_misdemeanors_geq_1,-0.0005397601005359132,-0.0026990611221786587,0.002968996127768242
n_juvenile_misdemeanors_geq_2,-0.001349509068024446,0.0008096656335992991,0.0005398286981621592
n_juvenile_misdemeanors_geq_5,-2.01738797889206e-08,-3.861029607143962e-09,-3.0437783515857575e-08
n_juvenile_felonies_eq_0,0.0002699093940929931,0.0010796349380020054,0.0005398286981621592
n_juvenile_felonies_geq_1,0.002159217687753512,0.0008096656335992991,0.0005398286981621592
n_juvenile_felonies_geq_2,-0.0010796192364814772,-0.0010796426600612197,0.0002699388666191904
n_juvenile_felonies_geq_5,0.00026986965766317983,0.0002698859705133616,-3.0437783515857575e-08
charge_degree_eq_M,-0.007557372557811304,0.005668000492811576,0.0002699388666191904
