{"epoch": 1, "train_acc": 0.3080137442653182, "train_loss": 1.1842028361501697, "val_acc": 0.20051195081916146, "val_loss": 1.171583202331251, "_timestamp": 1689422806.2249227, "_runtime": 1.2343287467956543, "_step": 0, "_wandb": {"runtime": 0}}