{"epoch": 1, "train_acc": 0.3622746594356231, "train_loss": 1.187791156711172, "val_acc": 0.15354485925053896, "val_loss": 1.1631268499219858, "_timestamp": 1689424593.0783775, "_runtime": 1.3563485145568848, "_step": 0, "_wandb": {"runtime": 0}}