{"epoch": 1, "train_acc": 0.30608920962473796, "train_loss": 1.0530069925878391, "val_acc": 0.1920215273275125, "val_loss": 1.2442837707999583, "_timestamp": 1689424506.713001, "_runtime": 1.2214469909667969, "_step": 0, "_wandb": {"runtime": 0}}