Unnamed: 0,lr,seed,epoch,dataset,eval_f1,eval_acc,train_f1,eval_loss,train_acc,batch_size,train_loss,experiment
Expr-886-ep-14.pt,0.01,42,14,adult_dataset,0.6984882354736328,0.8672491908073425,0.6667398810386658,0.2862967861195405,0.8678191304206848,887,0.2889519075552622,886
Expr-812-ep-2.pt,0.01,42,2,adult_dataset,0.7153713703155518,0.8677263855934143,0.6405012011528015,0.2877840238909881,0.8503337502479553,813,0.3180812962201176,812
Expr-541-ep-1.pt,0.01,42,1,adult_dataset,0.7129149436950684,0.8660904765129089,0.6435712575912476,0.2957804489292596,0.8508188724517822,542,0.3179874314020758,541
Expr-333-ep-10.pt,0.01,42,10,adult_dataset,0.7032902240753174,0.8636975884437561,0.6878286600112915,0.304879476626714,0.8662963509559631,334,0.290220309017051,333
Expr-295-ep-15.pt,0.01,42,15,adult_dataset,0.7050708532333374,0.8643051385879517,0.6872379183769226,0.3108584004821199,0.8671523332595825,296,0.2847223592301209,295
