{"epoch": 1, "train_acc": 0.3234407542365492, "train_loss": 1.1812715765375539, "val_acc": 0.18498573827935466, "val_loss": 1.199841602976372, "_timestamp": 1689421748.6676455, "_runtime": 76.55246353149414, "_step": 0, "_wandb": {"runtime": 76}}