{"epoch": 1, "train_acc": 0.3570631503864461, "train_loss": 1.002985812597372, "val_acc": 0.17581245938392537, "val_loss": 1.1421031732245714, "_timestamp": 1689422783.5300353, "_runtime": 1.1244032382965088, "_step": 0, "_wandb": {"runtime": 0}}