Unnamed: 0,lr,seed,epoch,dataset,eval_f1,eval_acc,train_f1,eval_loss,train_acc,batch_size,train_loss,experiment
Expr-937-ep-3.pt,0.01,1182362776,3,bank_marketing,0.4859481453895569,0.7460820078849792,0.3812031149864197,0.4885924795849456,0.9387195110321044,256,0.1522256979640101,937
Expr-831-ep-3.pt,0.01,2063918040,3,bank_marketing,0.4934505820274353,0.7442099452018738,0.3858656585216522,0.4856156276332008,0.9384016394615172,256,0.1518747886039421,831
Expr-739-ep-4.pt,0.01,2839717651,4,bank_marketing,0.486814558506012,0.7466428279876709,0.3818150460720062,0.5009690523147583,0.9394622445106506,256,0.1501817801626215,739
Expr-577-ep-4.pt,0.01,2068869123,4,bank_marketing,0.5060285329818726,0.7509648203849792,0.3890295028686523,0.4945561351875464,0.9395264983177184,256,0.1497723733035611,577
Expr-492-ep-4.pt,0.01,1126792109,4,bank_marketing,0.5685151219367981,0.7489123344421387,0.3720672130584717,0.5069937060276667,0.9390159845352172,256,0.149157051731583,492
Expr-385-ep-5.pt,0.01,2643805087,5,bank_marketing,0.4771181344985962,0.7435405254364014,0.4078201651573181,0.5019949086838298,0.9404404163360596,256,0.1487647721307798,385
Expr-340-ep-3.pt,0.01,1679879154,3,bank_marketing,0.4842292070388794,0.7448976039886475,0.3745843172073364,0.4902365741630395,0.9396945834159852,256,0.1521987060845737,340
