{"epoch": 1, "train_acc": 0.33414485291997453, "train_loss": 1.187023645661026, "val_acc": 0.16129952174247686, "val_loss": 1.1523604630223752, "_timestamp": 1689424693.903402, "_runtime": 1.233877182006836, "_step": 0, "_wandb": {"runtime": 0}}