{"epoch": 1, "train_acc": 0.35907249526748036, "train_loss": 1.076112487884871, "val_acc": 0.15234981563339373, "val_loss": 1.2208834044684944, "_timestamp": 1689424630.2750375, "_runtime": 1.5692784786224365, "_step": 0, "_wandb": {"runtime": 0}}