{"epoch": 1, "train_acc": 0.3664460172055558, "train_loss": 1.1716538366917475, "val_acc": 0.17904168922881664, "val_loss": 1.18171668832705, "_timestamp": 1689424770.2806075, "_runtime": 1.650510549545288, "_step": 0, "_wandb": {"runtime": 0}}