Unnamed: 0,lr,seed,epoch,dataset,eval_f1,eval_acc,train_f1,eval_loss,train_acc,batch_size,train_loss,experiment
Expr-229-ep-3.pt,0.01,42,3,bank_marketing,0.4877444803714752,0.751128613948822,0.3739756345748901,0.4867578269913792,0.9388020038604736,230,0.1526785343413866,229
Expr-180-ep-2.pt,0.01,42,2,bank_marketing,0.4669318795204162,0.7515700459480286,0.3179194629192352,0.4929976539313793,0.9378490447998048,181,0.1561280796304345,180
Expr-164-ep-2.pt,0.01,42,2,bank_marketing,0.4816671311855316,0.7551663517951965,0.3233047127723694,0.4871903636238792,0.9379335045814514,165,0.1560993840663948,164
Expr-161-ep-3.pt,0.01,42,3,bank_marketing,0.4995767772197723,0.7533857226371765,0.3359344899654388,0.4913099126092025,0.937944769859314,162,0.1525036308531915,161
Expr-140-ep-2.pt,0.01,42,2,bank_marketing,0.5098778605461121,0.7533235549926758,0.3220440149307251,0.5012940034270287,0.9382993578910828,141,0.1567801322628552,140
Expr-131-ep-2.pt,0.01,42,2,bank_marketing,0.5218973755836487,0.7585229873657227,0.2952137589454651,0.4852064877100613,0.9377909302711488,132,0.1564332562682293,131
Expr-106-ep-2.pt,0.01,42,2,bank_marketing,0.5271993279457092,0.751417875289917,0.2879087328910827,0.4948833320947254,0.9382473826408386,107,0.1536856101424732,106
Expr-104-ep-2.pt,0.01,42,2,bank_marketing,0.5524065494537354,0.7530041337013245,0.2942794561386108,0.4943392513983551,0.9377126693725586,105,0.1547626603880654,104
Expr-40-ep-1.pt,0.01,42,1,bank_marketing,0.5076990127563477,0.752032995223999,0.2113647609949112,0.5506108462035116,0.937492311000824,41,0.1535199795581523,40
Expr-31-ep-2.pt,0.01,42,2,bank_marketing,0.5241650938987732,0.7538532018661499,0.2024860978126526,0.5630392352046688,0.9378868341445924,32,0.1487087030258115,31
Expr-29-ep-3.pt,0.01,42,3,bank_marketing,0.477269560098648,0.7513757944107056,0.1926772892475128,0.5291732603619307,0.9394083619117736,30,0.1448617440597915,29
Expr-21-ep-1.pt,0.01,42,1,bank_marketing,0.4726369082927704,0.7555164694786072,0.1534601300954818,0.5815915981029586,0.9332593083381652,22,0.1577791552432675,21
Expr-19-ep-3.pt,0.01,42,3,bank_marketing,0.4651461839675903,0.7511036992073059,0.1698860377073288,0.5792390356047458,0.9377955198287964,20,0.1443101814111146,19
