{"epoch": 1, "train_acc": 0.30729311954876, "train_loss": 1.196580159396102, "val_acc": 0.15849354252735648, "val_loss": 1.092972390863347, "_timestamp": 1689424528.6641681, "_runtime": 1.3815670013427734, "_step": 0, "_wandb": {"runtime": 0}}