{"epoch": 1, "train_acc": 0.3727286202140505, "train_loss": 1.123136884921745, "val_acc": 0.2182712858361353, "val_loss": 1.225399947063952, "_timestamp": 1689424603.6907525, "_runtime": 1.2321994304656982, "_step": 0, "_wandb": {"runtime": 0}}