{"epoch": 1, "train_acc": 0.30086779205651154, "train_loss": 1.1397691805791266, "val_acc": 0.23591036188482464, "val_loss": 1.130423633478606, "_timestamp": 1689424518.0040042, "_runtime": 1.1302423477172852, "_step": 0, "_wandb": {"runtime": 0}}