{"epoch": 1, "train_acc": 0.37010382378362755, "train_loss": 1.003203389297442, "val_acc": 0.17518545049396733, "val_loss": 1.1299771679159494, "_timestamp": 1689424582.444422, "_runtime": 1.2099668979644775, "_step": 0, "_wandb": {"runtime": 0}}