{"epoch": 1, "train_acc": 0.36182352682133867, "train_loss": 1.0434577239192022, "val_acc": 0.1738152283830716, "val_loss": 1.1219781827218545, "_timestamp": 1689424758.5047169, "_runtime": 1.3783698081970215, "_step": 0, "_wandb": {"runtime": 0}}