{"epoch": 1, "train_acc": 0.3766391145121071, "train_loss": 1.1716857849912337, "val_acc": 0.24478246476581852, "val_loss": 1.1019616626750919, "_timestamp": 1689424673.142366, "_runtime": 1.3203489780426025, "_step": 0, "_wandb": {"runtime": 0}}