Unnamed: 0,lr,seed,epoch,dataset,eval_f1,eval_acc,train_f1,eval_loss,train_acc,batch_size,train_loss,experiment
Expr-935-ep-5.pt,0.0780738164372808,42,5,ibm_attrition,0.6180555820465088,0.9095394611358644,0.654924750328064,0.3149147431055705,0.910937488079071,128,0.2268615536391735,935
Expr-702-ep-6.pt,0.0711451310412386,42,6,ibm_attrition,0.6593468189239502,0.9121436476707458,0.6031486392021179,0.3235636154810588,0.9041666984558104,128,0.2798086196184158,702
Expr-628-ep-9.pt,0.0910515808336449,42,9,ibm_attrition,0.6680395007133484,0.9111842513084412,0.7649608850479126,0.3509127000967662,0.93359375,128,0.1767726525664329,628
Expr-544-ep-7.pt,0.0274835253883607,42,7,ibm_attrition,0.6002125144004822,0.9085800647735596,0.73795485496521,0.3043459306160609,0.9239583015441896,128,0.2204912647604942,544
Expr-427-ep-8.pt,0.0938233108195986,42,8,ibm_attrition,0.5879274010658264,0.9111842513084412,0.7020082473754883,0.3815924276908238,0.9143229722976683,128,0.194699477404356,427
Expr-384-ep-12.pt,0.0909933787426681,42,12,ibm_attrition,0.6180555820465088,0.9095394611358644,0.8156692385673523,0.4303187231222788,0.946093738079071,128,0.1641180798411369,384
Expr-374-ep-3.pt,0.0594536173664708,42,3,ibm_attrition,0.6282828450202942,0.9085800647735596,0.5567079186439514,0.2991510778665542,0.8911458253860474,128,0.2854770287871361,374
Expr-140-ep-7.pt,0.0263046654357154,42,7,ibm_attrition,0.5942525267601013,0.9085800647735596,0.7143139839172363,0.2930828581253688,0.9192708134651184,128,0.2298142984509468,140
Expr-94-ep-6.pt,0.047959003054321,42,6,ibm_attrition,0.6227598786354065,0.9173519611358644,0.7415122985839844,0.3488912979761759,0.928906261920929,128,0.2016249518841505,94
Expr-91-ep-4.pt,0.060535830281645,42,4,ibm_attrition,0.5707231163978577,0.9085800647735596,0.658697247505188,0.2789815614620844,0.9114583134651184,128,0.2370261959731578,91
Expr-27-ep-9.pt,0.0905292584102896,42,9,ibm_attrition,0.6009615063667297,0.9095394611358644,0.7208573222160339,0.343990296125412,0.925000011920929,128,0.2082629971206188,27
Expr-26-ep-2.pt,0.0510522317878045,42,2,ibm_attrition,0.5641025900840759,0.9111842513084412,0.216752678155899,0.32705753048261,0.8583332896232605,128,0.3170606017112732,26
