{"epoch": 1, "train_acc": 0.34450669454744065, "train_loss": 1.1566739813845948, "val_acc": 0.24053976632676569, "val_loss": 1.1373706541933921, "_timestamp": 1689421437.973593, "_runtime": 1.0115559101104736, "_step": 0, "_wandb": {"runtime": 0}}