Unnamed: 0,lr,seed,epoch,dataset,eval_f1,eval_acc,train_f1,eval_loss,train_acc,batch_size,train_loss,experiment
Expr-851-ep-11.pt,0.01,1866643702,11,ibm_attrition,0.5619047284126282,0.905975878238678,0.817562460899353,0.4030464589595794,0.94921875,128,0.1388975458219647,851
Expr-791-ep-9.pt,0.01,2900129252,9,ibm_attrition,0.6290850043296814,0.905975878238678,0.7523858547210693,0.3329209585984548,0.932031273841858,128,0.191631867736578,791
Expr-752-ep-10.pt,0.01,848901490,10,ibm_attrition,0.6654719710350037,0.913788378238678,0.7013281583786011,0.2699649780988693,0.921093761920929,128,0.21056410074234,752
Expr-401-ep-5.pt,0.01,216406739,5,ibm_attrition,0.6371495127677917,0.9085800647735596,0.6462963819503784,0.2804347028334935,0.905468761920929,128,0.2640998691320419,401
Expr-318-ep-9.pt,0.01,2674990638,9,ibm_attrition,0.60317462682724,0.905975878238678,0.8232588768005371,0.3073112467924754,0.94921875,128,0.1669987257570028,318
Expr-265-ep-8.pt,0.01,908386295,8,ibm_attrition,0.605042040348053,0.90762060880661,0.7824345827102661,0.2998281319936116,0.935937523841858,128,0.1929000359028578,265
Expr-224-ep-9.pt,0.01,1894909769,9,ibm_attrition,0.5417405962944031,0.905975878238678,0.7856093049049377,0.3642249604066213,0.9375,128,0.1613011512905359,224
Expr-161-ep-9.pt,0.01,1537385991,9,ibm_attrition,0.616618812084198,0.9085800647735596,0.8173601031303406,0.3406866292158763,0.946093738079071,128,0.1660204008221626,161
Expr-135-ep-12.pt,0.01,1069602783,12,ibm_attrition,0.6262626647949219,0.905975878238678,0.8931506276130676,0.4331619540850321,0.967187523841858,128,0.0929800100624561,135
Expr-44-ep-16.pt,0.01,1513819407,16,ibm_attrition,0.6531489491462708,0.9095394611358644,0.868185818195343,0.3669774234294891,0.960156261920929,128,0.1297672329470515,44
