{"epoch": 1, "train_acc": 0.3357973242427664, "train_loss": 1.0831608995341806, "val_acc": 0.19121110493384094, "val_loss": 1.2177701437854849, "_timestamp": 1689424550.971213, "_runtime": 1.4411511421203613, "_step": 0, "_wandb": {"runtime": 0}}