Unnamed: 0,lr,seed,epoch,dataset,eval_f1,eval_acc,train_f1,eval_loss,train_acc,batch_size,train_loss,experiment
Expr-965-ep-21.pt,0.01,592266040,21,ibm_attrition,0.6019901037216187,0.8999794721603394,0.8948410153388977,0.3334604799747467,0.9673931002616882,256,0.1085826516151428,965
Expr-809-ep-22.pt,0.01,304205738,22,ibm_attrition,0.6585081815719604,0.8980263471603394,0.9368494153022766,0.4783342331647873,0.9801809191703796,256,0.0582675129175186,809
Expr-634-ep-15.pt,0.01,1993993660,15,ibm_attrition,0.5794117450714111,0.8887746334075928,0.8622713088989258,0.3384328782558441,0.9582648277282716,256,0.1229283645749092,634
Expr-605-ep-19.pt,0.01,445402162,19,ibm_attrition,0.630630612373352,0.9019325971603394,0.9148730039596558,0.3812684863805771,0.9733964204788208,256,0.0996102973818779,605
Expr-502-ep-13.pt,0.01,2092887495,13,ibm_attrition,0.5337837934494019,0.8848683834075928,0.7516416907310486,0.3011232018470764,0.928248405456543,256,0.1926392823457718,502
Expr-328-ep-16.pt,0.01,1083040020,16,ibm_attrition,0.5833333730697632,0.8941200971603394,0.865896999835968,0.3785415887832641,0.9598273038864136,256,0.112669014930725,328
Expr-189-ep-17.pt,0.01,143145635,17,ibm_attrition,0.5335820913314819,0.8907277584075928,0.7998696565628052,0.3288906514644623,0.9426398277282716,256,0.1585075974464416,189
Expr-49-ep-17.pt,0.01,1579892408,17,ibm_attrition,0.5227272510528564,0.8887746334075928,0.8255985975265503,0.3367433547973633,0.9496710896492004,256,0.151365840435028,49
