{"epoch": 1, "train_acc": 0.3256098372615269, "train_loss": 1.081214659867828, "val_acc": 0.1973452150562169, "val_loss": 1.2046054649254532, "_timestamp": 1689424662.5436406, "_runtime": 1.2369225025177002, "_step": 0, "_wandb": {"runtime": 0}}