{"epoch": 1, "train_acc": 0.3266116899148001, "train_loss": 1.0732590501561905, "val_acc": 0.24249411810871882, "val_loss": 1.1697198490810665, "_timestamp": 1689424683.6087627, "_runtime": 1.3090896606445312, "_step": 0, "_wandb": {"runtime": 0}}