Unnamed: 0,lr,seed,epoch,dataset,eval_f1,eval_acc,train_f1,eval_loss,train_acc,batch_size,train_loss,experiment
Expr-292-ep-0.pt,0.01,42,0,ibm_attrition,0.0,0.9266211986541748,0.0,0.2669651843607425,0.8675767779350281,293,0.4907795518636703,292
Expr-291-ep-0.pt,0.01,42,0,ibm_attrition,0.0,0.9263699054718018,0.0,0.249797873198986,0.8428082466125488,292,0.531329745054245,291
Expr-290-ep-0.pt,0.01,42,0,ibm_attrition,0.0,0.9261168241500854,0.0,0.2488754205405712,0.8347079157829285,291,0.5369288265705109,290
Expr-289-ep-0.pt,0.01,42,0,ibm_attrition,0.0,0.9258620738983154,0.0,0.2496756426990032,0.8307758569717407,290,0.5458484053611755,289
Expr-288-ep-0.pt,0.01,42,0,ibm_attrition,0.0,0.925605535507202,0.0,0.2482335120439529,0.8378200531005859,289,0.533562308549881,288
Expr-287-ep-0.pt,0.01,42,0,ibm_attrition,0.0,0.9253472089767456,0.0,0.2559183537960052,0.8347222208976746,288,0.5349897921085358,287
Expr-286-ep-0.pt,0.01,42,0,ibm_attrition,0.0,0.9250870943069458,0.0,0.2531186230480671,0.8390243649482727,287,0.528853052854538,286
Expr-285-ep-0.pt,0.01,42,0,ibm_attrition,0.0,0.9248251914978028,0.0,0.2511884868144989,0.8421328663825989,286,0.5249557018280029,285
Expr-145-ep-8.pt,0.01,42,8,ibm_attrition,0.3191919326782226,0.9246575236320496,0.77659010887146,0.2474563357730706,0.9360730648040771,146,0.1773617248982191,145
Expr-144-ep-6.pt,0.01,42,6,ibm_attrition,0.3624999821186065,0.9287356734275818,0.6555569767951965,0.2294753305613994,0.911063313484192,145,0.2400114403830634,144
Expr-143-ep-9.pt,0.01,42,9,ibm_attrition,0.3464052379131317,0.9305555820465088,0.8500301837921143,0.2916709072887897,0.956018567085266,144,0.1433094379802545,143
Expr-142-ep-5.pt,0.01,42,5,ibm_attrition,0.3455882370471954,0.925407886505127,0.5783864855766296,0.2451484228173891,0.8990384340286255,143,0.2592255456580056,142
