{"epoch": 1, "train_acc": 0.3138988237373476, "train_loss": 1.1326320080723624, "val_acc": 0.17036755313896468, "val_loss": 1.1612634647445255, "_timestamp": 1689424641.8727195, "_runtime": 1.5819785594940186, "_step": 0, "_wandb": {"runtime": 0}}