Unnamed: 0,lr,seed,epoch,dataset,eval_f1,eval_acc,train_f1,eval_loss,train_acc,batch_size,train_loss,experiment
Expr-998-ep-27.pt,0.01,42,27,churn_dataset,0.6519653797149658,0.8932265639305115,0.6160104274749756,0.3682407736778259,0.8707596659660339,999,0.3267788444128301,998
