{"epoch": 1, "train_acc": 0.2880455921358404, "train_loss": 1.023043659534522, "val_acc": 0.208214997227522, "val_loss": 1.0900769888761257, "_timestamp": 1689424715.3924346, "_runtime": 1.0855824947357178, "_step": 0, "_wandb": {"runtime": 0}}