{"epoch": 1, "train_acc": 0.37296983778881854, "train_loss": 1.074489019308693, "val_acc": 0.20040589892082422, "val_loss": 1.1515585076082693, "_timestamp": 1689424615.4426498, "_runtime": 1.9169657230377197, "_step": 0, "_wandb": {"runtime": 0}}