{"epoch": 1, "train_acc": 0.3680872979594154, "train_loss": 1.1877994025590102, "val_acc": 0.24751263346015992, "val_loss": 1.1568276092280274, "_timestamp": 1689424725.983088, "_runtime": 1.3590929508209229, "_step": 0, "_wandb": {"runtime": 0}}