{"epoch": 1, "train_acc": 0.310191595875944, "train_loss": 1.094963465638474, "val_acc": 0.203922918791341, "val_loss": 1.2200028358476884, "_timestamp": 1689424561.2361856, "_runtime": 1.1926405429840088, "_step": 0, "_wandb": {"runtime": 0}}