{"epoch": 1, "train_acc": 0.3595144334758422, "train_loss": 1.187802604298965, "val_acc": 0.15385226083372255, "val_loss": 1.2374414600277917, "_timestamp": 1689422795.6059825, "_runtime": 1.5930044651031494, "_step": 0, "_wandb": {"runtime": 0}}